<?xml version="1.0" encoding="utf-8"?><feed xmlns="http://www.w3.org/2005/Atom" ><generator uri="https://jekyllrb.com/" version="4.3.4">Jekyll</generator><link href="http://localhost:4000/feed.xml" rel="self" type="application/atom+xml" /><link href="http://localhost:4000/" rel="alternate" type="text/html" /><updated>2024-10-24T21:55:47-04:00</updated><id>http://localhost:4000/feed.xml</id><title type="html">The Beebz</title><subtitle>The Beebz Neocities</subtitle><entry><title type="html">Triste</title><link href="http://localhost:4000/blog/art/2024-10-24-triste" rel="alternate" type="text/html" title="Triste" /><published>2024-10-24T00:00:00-04:00</published><updated>2024-10-24T00:00:00-04:00</updated><id>http://localhost:4000/blog/art/triste</id><content type="html" xml:base="http://localhost:4000/blog/art/2024-10-24-triste"><![CDATA[<p>placeholder</p>]]></content><author><name></name></author><summary type="html"><![CDATA[placeholder]]></summary></entry><entry><title type="html">Ableism In Retail</title><link href="http://localhost:4000/blog/personal/2024-09-12-ableism-in-retail" rel="alternate" type="text/html" title="Ableism In Retail" /><published>2024-09-12T00:00:00-04:00</published><updated>2024-09-12T00:00:00-04:00</updated><id>http://localhost:4000/blog/personal/ableism-in-retail</id><content type="html" xml:base="http://localhost:4000/blog/personal/2024-09-12-ableism-in-retail"><![CDATA[<p>I get uncomfortable with how often people are able to make sweeping negative statements about people who leave an item in the wrong aisle, doesn’t clean up or doesn’t put the cart back in the corral.</p>

<p>I 100% think that retail workers deserve better than outright negligence on behalf of the customer, but the stuff people say over those who dont put the corral back is upsetting.</p>

<p>I get that it’s partially venting as a worker, but as someone with a disability, an invisible disablity, it’s stressful to feel like I have to choose between more pain or social shunning. The latter doesnt sound bad until you realize that some people will voice their disgust without knowing the whole story. THAT potentiality is just frightening.</p>

<p>Yes, I do my best to help, like I parked the scooter cart and lined it up nice, plugged it in. But if I have something not perishable that I changed my mind on, leaving it on a shelf in plain view isnt as bad as like hiding ice cream behind clothes or half drunk frappeccinos everywhere.</p>

<p>If youre a retail worker getting more murderous (lighthearted) cleaning up, just pretend youre doing it for the spoonies. We thank you for your patience.</p>]]></content><author><name></name></author><summary type="html"><![CDATA[I get uncomfortable with how often people are able to make sweeping negative statements about people who leave an item in the wrong aisle, doesn’t clean up or doesn’t put the cart back in the corral.]]></summary></entry><entry><title type="html">Nyc Native Retrospective</title><link href="http://localhost:4000/blog/personal/2024-09-11-NYC-native-retrospective" rel="alternate" type="text/html" title="Nyc Native Retrospective" /><published>2024-09-11T00:00:00-04:00</published><updated>2024-09-11T00:00:00-04:00</updated><id>http://localhost:4000/blog/personal/NYC-native-retrospective</id><content type="html" xml:base="http://localhost:4000/blog/personal/2024-09-11-NYC-native-retrospective"><![CDATA[<p>Sometimes on days like this I wish I could be back in the city to mourn the people we lost. Sometimes I feel as if I’m melodramatic for still being affected by it, even if no one I directly knew was injured by the event. The fact remains I was 5 when the cataclysmic moment happened and yet still remember that day and everyones fear that I could not yet comprehend.</p>

<p>In the age of growing cyncism and ironic humor, 9/11 has been made a punchline for shock value, and even recently someone had the audacity to try to apply “curate your own experience” logic to me on a discord server when I mentioned that maybe someone making casual 9/11 jokes out of nowhere were a tad too far. It was an upsetting time because it was yet another experience of being shouted down just because… Idk they found it edgy and funny.</p>

<p>But this isnt a post to even focus on those who turn it into fodder for a laugh. This is mostly to focus I guess on my processing of the event those years later. Because 9/11 wasnt just about the twin towers, it was about the people who lost their lives- it was about the islamophobia that followed and their lives lost too. It was about what radicalized fearful people, and those lives ruined. It was a terrible day where the solidarity was tense. And I still remember seeing the billows of smoke on TV, so thick that I didnt think it was real.</p>

<p>Much like the way I took 9/11 when I was a kid, the aftereffects rocked everyone, and continues to. While I didnt understand the gravity of much as a child it only seems to sadden me more each year. In fact, I’ve actively been upset on years where I forgot the day and its significance. Not because of being beholden to the whole Never Forget thing blindly, but because it felt like another failure of my adhd to do something i personally wanted to commit to do. For my own spiritual reasons.</p>

<p>I may not follow an organized religion, but I still have my own reasons and comforting answers to things, such as a belief in the afterlife, skepticism of hell (to which a Jewish friend joked that it was very jewish of me) and a strong belief in the idea of karma coming around both good and bad. 9/11 is a historical event that I’m a first person source for.</p>

<p>It feels a lot like what Covid must feel like to some people. Where the world seems to have moved on but the damage has still been done, or keeps being done. Its never a good occasion when someone dies needlessly, tragic circumstances. And you dont have to cry for these words- the strength in them is all I need.</p>]]></content><author><name></name></author><summary type="html"><![CDATA[Sometimes on days like this I wish I could be back in the city to mourn the people we lost. Sometimes I feel as if I’m melodramatic for still being affected by it, even if no one I directly knew was injured by the event. The fact remains I was 5 when the cataclysmic moment happened and yet still remember that day and everyones fear that I could not yet comprehend.]]></summary></entry><entry><title type="html">Poverty Trauma</title><link href="http://localhost:4000/blog/personal/2024-08-12-poverty-trauma" rel="alternate" type="text/html" title="Poverty Trauma" /><published>2024-08-12T00:00:00-04:00</published><updated>2024-08-12T00:00:00-04:00</updated><id>http://localhost:4000/blog/personal/poverty-trauma</id><content type="html" xml:base="http://localhost:4000/blog/personal/2024-08-12-poverty-trauma"><![CDATA[<p>Anyway to try to tie it back and not go too off the deepend, i guess i just wanna say…</p>

<p>Being poor is traumatic. Every day you struggle with any purchase, even if its sub $10. Feeling a sickening feeling of both relief and anxiety every time youre forced to buy something you unequivocally need. “Wow, its gonna be nice to soap up with Irish Spring again. Hope its worth potentially not being able to get groceries or pay a bill.”</p>

<p>And no matter how practical you are on the regular, this lot in life leaves you with mutual contempt for everyone else who defaults to thinking your brokeness is your own fault. The kind of people who would point to a switch and do what aboutism, not questioning if it was a gift or whatever because poor ppl are forced to choose between joy and survival so much. And even if they pick survival 99/100, a mismanagement of assets have people snorting or whispering about them.</p>

<p>Sighs. Literally just… Really hard. Really really hard.</p>

<p>I legit dont want to interact with anyone “normie” anymore, i cant take the constant judgemental and “well im doing well anyway so shrug” atmosphere anymore</p>]]></content><author><name></name></author><summary type="html"><![CDATA[Anyway to try to tie it back and not go too off the deepend, i guess i just wanna say…]]></summary></entry><entry><title type="html">Beat Saber Grief</title><link href="http://localhost:4000/blog/personal/2024-07-25-beat-saber-grief" rel="alternate" type="text/html" title="Beat Saber Grief" /><published>2024-07-25T00:00:00-04:00</published><updated>2024-07-25T00:00:00-04:00</updated><id>http://localhost:4000/blog/personal/beat-saber-grief</id><content type="html" xml:base="http://localhost:4000/blog/personal/2024-07-25-beat-saber-grief"><![CDATA[<p>Played a little bit of beat Saber for the first time in what feels like forever. Started switching in the middle of a song (Catgroove by Parov Stellar) probably because thinking about my FP who I had bought a quest and beat saber for to begin with since my meta account showed she was online 2 days ago and I kept disassociating thinking about it.</p>

<p>Idk how to say this because i almost feel guilty about it, but the pain is starting not to be as sharp, even though its still there. Speaking of which my body aches warmly, but in like that good way. Alex 🦋  had also helped to feel fabulous while swinging and trying not to let our mind wander too much. Maybe its the fact that I started concentrating on the sabers being an extension of me and getting immersed in the swordness of it made me switch.</p>

<p>Plus I had had a pretty interesting dream involving me, Charlie, Alastor and Fizzaroli which had also started with me and my best friend having died and both being accepted into heaven and being assured that it was real and she was allowed despite having been atheist because the important thing was she was a good person…It was like a larp or something, i dunno. -Vaggie 🦋</p>]]></content><author><name></name></author><summary type="html"><![CDATA[Played a little bit of beat Saber for the first time in what feels like forever. Started switching in the middle of a song (Catgroove by Parov Stellar) probably because thinking about my FP who I had bought a quest and beat saber for to begin with since my meta account showed she was online 2 days ago and I kept disassociating thinking about it.]]></summary></entry><entry><title type="html">Puritan Anti Damage</title><link href="http://localhost:4000/blog/personal/2024-07-13-puritan-anti-damage" rel="alternate" type="text/html" title="Puritan Anti Damage" /><published>2024-07-13T00:00:00-04:00</published><updated>2024-07-13T00:00:00-04:00</updated><id>http://localhost:4000/blog/personal/puritan-anti-damage</id><content type="html" xml:base="http://localhost:4000/blog/personal/2024-07-13-puritan-anti-damage"><![CDATA[<p>I’m making this journal to see if I can be convinced to come back and post anything or talk about updates. If the past 3 years wasnt hell on me enough, the fact that I kept getting fucked over for drawing and supporting the “wrong” kind of art just makes me fucking exhausted.</p>

<p>I’ve always followed Furaffinitys policies on art, no posting cub or loli or shota on here. I always kept those posts to inkbunny. Yet here and on multiple discord servers, people have labeled Triste as a cub in situations where he never was one. Triste has always been a representation of myself. He’s short and chubby like I am. Plus my style is a pretty reasonable 4-6 heads tall proportions consistently. To the point I was so stressed out in 2018 and 2019 I felt pushed to do 1:7-1:8 and it felt awkward and awful.</p>

<p>And its like, why is everyone so obsessed with making sure they “don’t condone pedophilia”. This is literally the default stance of most people. I would say if you try to use statistics to prove otherwise, that’s just being doomeristic. Even so, attacking art and literature does nothing to help victims of assault or molestation. Not only do many victims use art for cathartis, the messy thing ppl dont wanna talk about is it actively can also help would-be predators from moving onto real things.</p>

<p>Why do people take issue with that? Many claim the “slippery slope” fallacy that classifies taboo artwork as a sort of gateway drug to wanting to perform the actions irl. Do people get inspired by kinky art? Yeah. But people fail to acknowledge that this inspiration is typically within the confines of consensual adult relationships. You’re furries. I’m sure you’ve heard of roleplay.</p>

<p>I dont even know why I’m talking about this because I already fear being attacked by random one liner “gotcha’s” with people using the disgusting outdated terms such as “child porn” or worse “cheese pizza” (seriously, fuck you for trying to make it sound cute just so you can have an inside joke. If you took this as seriously as you claim, you would never.</p>

<p>Maybe it’s because inkbunny helped me pay my rent when I was on the run from my mother who dislocated my knee.</p>

<p>Maybe it’s because I’ve indulged in cub art and transgressive fiction as a teenager to project and vent about the severe abuse I went through.</p>

<p>Maybe it’s because for disagreeing with a person on toyhouse saying nsfw feral art should be banned, they stalked my twitter posts and MADE AN ACCOUNT to show everyone my inkbunny only artwork, and then they were rewarded for the callout by my being banned for offsite stuff.</p>

<p>Maybe its because antis got my paypal banned which directly contributed to me being unable to work and getting homeless on the street in freezing January with my cat.</p>

<p>Maybe theres some part of me that hopes this won’t have been a waste of time to write and I’d actually get some people agreeing with me on how fucked up these agendas are, harming real people to protect the fictional ones.</p>

<p>I just hate puritan behavior so goddamn much. I hate how smug and vicious they are, always hunting for the next person to crucify. I hate how there have been persistent stalkers of my friends spreading misleading lies for their own idea of vigilante justice. I hate the constant attempts to reeducate being met with effectively fingers in ears “lalala cant hear you pedo”.</p>

<p>I hate having to be afraid to show my art and what makes me happy. It doesn’t matter if I hide and tag and warn, people use it as leverage to find and attack as opposed to avoid or block.</p>

<p>Im just so tired of it all.</p>]]></content><author><name></name></author><summary type="html"><![CDATA[I’m making this journal to see if I can be convinced to come back and post anything or talk about updates. If the past 3 years wasnt hell on me enough, the fact that I kept getting fucked over for drawing and supporting the “wrong” kind of art just makes me fucking exhausted.]]></summary></entry><entry><title type="html">Charm</title><link href="http://localhost:4000/blog/personal/2024-07-05-charm" rel="alternate" type="text/html" title="Charm" /><published>2024-07-05T00:00:00-04:00</published><updated>2024-07-05T00:00:00-04:00</updated><id>http://localhost:4000/blog/personal/charm</id><content type="html" xml:base="http://localhost:4000/blog/personal/2024-07-05-charm"><![CDATA[<p>I like when people call my fixation or knowledge on things “charming”. I know some people can take this as condescending but I think its for something you may not understand entirely, but you have an earnest appreciation of the persons devotion/dedication. Like it’s used sarcastically so much it’s almost taken away the beauty of the compliment. Take back charming, its a wonderful praise!</p>]]></content><author><name></name></author><summary type="html"><![CDATA[I like when people call my fixation or knowledge on things “charming”. I know some people can take this as condescending but I think its for something you may not understand entirely, but you have an earnest appreciation of the persons devotion/dedication. Like it’s used sarcastically so much it’s almost taken away the beauty of the compliment. Take back charming, its a wonderful praise!]]></summary></entry><entry><title type="html">Shooting Myself Down</title><link href="http://localhost:4000/blog/personal/2024-06-22-shooting-myself-down" rel="alternate" type="text/html" title="Shooting Myself Down" /><published>2024-06-22T00:00:00-04:00</published><updated>2024-06-22T00:00:00-04:00</updated><id>http://localhost:4000/blog/personal/shooting-myself-down</id><content type="html" xml:base="http://localhost:4000/blog/personal/2024-06-22-shooting-myself-down"><![CDATA[<p>These past few days every time i have an idea of something to do that is just even the slightest bit ambitious, its just like “okay so what?” What does it accomplish. How does it make my life better. and I can’t think of any rebuttal so I just kinda throw the idea away. Its probably a result of me dealing with my childhood trauma that constantly beat down my art and hobbies but knowing this doesnt make it any easier or any less intense. If anything, it feels like a truth with moving goalposts that i cant really escape from.</p>

<p>Like depriving myself of joy and shutting down emotionally doesn’t help me “get things done” it does the opposite actually and makes everything feel like it doesnt matter because i’m doomed anyway for not working “as hard” even though i have cubital tunnel, i got boomer brain that it wasnt for working hard but because i played too much. Even though cubital tunnel is elbow based and i drew from the elbow like they always taught…</p>

<p>Worse than not being good enough, being told I had potential I wasnt hitting makes every achievement feel empty because “if I wasnt so ‘lazy’ “ i could have done even better…thats why it feels like everything is my fault or worse “i brought it to my universe” because i couldnt stop thimking of bad things.</p>]]></content><author><name></name></author><summary type="html"><![CDATA[These past few days every time i have an idea of something to do that is just even the slightest bit ambitious, its just like “okay so what?” What does it accomplish. How does it make my life better. and I can’t think of any rebuttal so I just kinda throw the idea away. Its probably a result of me dealing with my childhood trauma that constantly beat down my art and hobbies but knowing this doesnt make it any easier or any less intense. If anything, it feels like a truth with moving goalposts that i cant really escape from.]]></summary></entry><entry><title type="html">Merit Trauma</title><link href="http://localhost:4000/blog/personal/2024-06-15-merit-trauma" rel="alternate" type="text/html" title="Merit Trauma" /><published>2024-06-15T00:00:00-04:00</published><updated>2024-06-15T00:00:00-04:00</updated><id>http://localhost:4000/blog/personal/merit-trauma</id><content type="html" xml:base="http://localhost:4000/blog/personal/2024-06-15-merit-trauma"><![CDATA[<p>Having a cathartic vent and cry to my friend on discord… pretty much everything my trauma boils down to is deserving, merit and earning. I underestimate how much people care about me, not because I’m dismissing them, but I inherently never thought I was worthy or deserved that level of love. If things aren’t panning out for me- its because I’m not hustling hard enough and every time I watch anime or play videogames thats time I could be using for “making something of myself”. Having to report to my stepfather and do x amount of chores before I could get my laptop. Having to clean the house for 6 hours straight on a Saturday before I had even a little bit of bread and butter, and then another 4 hours before a real meal.</p>

<p>And like I realized this while inpatient, that I HAD known and enforced effective self soothing techniques as a teenager, young adult. But the fucking problem was my mom would explode when I tried to use them and argued how it was easier for me to cope. Having to take a 5 minute break every 25 minutes? “RIDICULOUS. You think you can just do that in a job? Get your ass up.” Trying to have a little snack every 3-5 hours so I dont want to binge? “No one needs to do that that’s nonsense! If I let you do that shit you’d be 600lbs in a week!”</p>

<p>She knew I would tell other people what she did to me…and gaslighted me about how I was lying to get sympathy. “I do everything for you!”</p>

<p>Feh, venting is nice because it gets all this out my mind and lets me not let it be distorted by the submissive child role I had back then…It IS fucked up, and just because it happened to a lot of people in my culture doesnt make it any less fucked up. Lots of fucked up shit has happened up until people were brave enough to say “Stop this shit” and with hindsight we’re always horrified it was a debate in the first place.</p>

<p>I think other Hispanics who were abused can kinda relate to at least a few things on this front. We meme about la chancla but I know when I do its tongue in cheek and more hyperbole about me not putting up with someones shit especially when Vaggie’s fronting lol. -Francois</p>]]></content><author><name></name></author><summary type="html"><![CDATA[Having a cathartic vent and cry to my friend on discord… pretty much everything my trauma boils down to is deserving, merit and earning. I underestimate how much people care about me, not because I’m dismissing them, but I inherently never thought I was worthy or deserved that level of love. If things aren’t panning out for me- its because I’m not hustling hard enough and every time I watch anime or play videogames thats time I could be using for “making something of myself”. Having to report to my stepfather and do x amount of chores before I could get my laptop. Having to clean the house for 6 hours straight on a Saturday before I had even a little bit of bread and butter, and then another 4 hours before a real meal.]]></summary></entry><entry><title type="html">Hair Trauma</title><link href="http://localhost:4000/blog/personal/2024-06-13-hair-trauma" rel="alternate" type="text/html" title="Hair Trauma" /><published>2024-06-13T00:00:00-04:00</published><updated>2024-06-13T00:00:00-04:00</updated><id>http://localhost:4000/blog/personal/hair-trauma</id><content type="html" xml:base="http://localhost:4000/blog/personal/2024-06-13-hair-trauma"><![CDATA[<p>I was intending to dry my clothes with a hair dryer to speed things up so I could wear them, but then when I had the hair dryer in my hands and turned it on I literally started having a flashback to when I was a child and would use the hairdryer to help dry myself after i got out of the shower, copying my mom, and its a noise that gives me both comfort and tension. Because the hairdryer also meant a lot of things that I’m still like- unencrypting now its a lot holy crap. But hairdryer would stress me out mainly because of all the interactions I had with my mom. It was a sort of ritual where we were in the bathroom together, waiting for one to shower and then the other would, in a way of bonding. And sometimes she didn’t feel like it or would make the conversation bad because of an argument or something. and all the times she combed my hair… god. I can kinda feel the spikes of the comb on my head and uugh…</p>

<p>its a really unpleasant feeling of scraping my scalp and my yelps of pain are told …. to not do that it wasnt that hard. So they expected me to just take all the tangles pain as idk a sort of attempt so I could “pay” for not maintaining my hair. Even though the length and my age and my executive dysfunction meant I couldn’t handle the daily hour just combing my hair. it made my head ached and I would use the small tooth comb too and scrape hard. Probably another side effect of always feeling so dirty.</p>

<p>Man, its rare that I get a whole puzzle piece basically. Its like if you found a hairdryer puzzle in one of the To The Moon levels.</p>

<p>I’m okay by the way, I say triggered in the literal sense but I dont have any strong need for comfort right now. I’m dealin~</p>

<p>I think getting these vivid childhood memories, despite having a lot of baggage, is a good sign of my ability to cope so far, because I do in a sense, want more of the ambition and vulgar passion I had in spite of everything, because I didn’t know I didn’t deserve it yet.</p>

<p>thats deep bro heh</p>]]></content><author><name></name></author><summary type="html"><![CDATA[I was intending to dry my clothes with a hair dryer to speed things up so I could wear them, but then when I had the hair dryer in my hands and turned it on I literally started having a flashback to when I was a child and would use the hairdryer to help dry myself after i got out of the shower, copying my mom, and its a noise that gives me both comfort and tension. Because the hairdryer also meant a lot of things that I’m still like- unencrypting now its a lot holy crap. But hairdryer would stress me out mainly because of all the interactions I had with my mom. It was a sort of ritual where we were in the bathroom together, waiting for one to shower and then the other would, in a way of bonding. And sometimes she didn’t feel like it or would make the conversation bad because of an argument or something. and all the times she combed my hair… god. I can kinda feel the spikes of the comb on my head and uugh…]]></summary></entry></feed>